harmonic_wn,anharmonic_wn,B_000,B_Freq1,B_Freq2,B_Freq3
1100.8346501542612,1088.4617230987124,3.3465804875643252,3.3044243773697457,3.3465804875643252,3.3219816577123384
1057.338144017637,1016.693753716468,0.4225305550227107,0.4163479646487359,0.4225305550227107,0.4176571045984659
694.0201687829222,681.7354832406218,0.37516339923701664,0.3697593503146736,0.37516339923701664,0.37101156792802426
